https://www.cnbc.com/2020/03/19/coronavirus-live-updates.html,1
https://www.sciencemag.org/news/2020/03/coronavirus-cases-have-dropped-sharply-south-korea-whats-secret-its-success,1
https://www.cdc.gov/coronavirus/2019-ncov/community/index.html,1
https://www.nbcnews.com/health/health-news/live-blog/coronavirus-updates-live-u-s-cases-top-1-000-spread-n1155241/ncrd1155806#liveBlogHeader,1
https://www.nytimes.com/2020/03/07/world/coronavirus-news.html,1
https://it.reuters.com/article/topNews/idITKBN20Y2TX,1
https://www.cdc.gov/coronavirus/2019-ncov/summary.html,1
https://www.bbc.com/news/technology-51497800,1
https://www.cdc.gov/coronavirus/2019-ncov/about/prevention-treatment.html,1
https://www.cdc.gov/coronavirus/2019-ncov/community/index.html,1
https://www.nbcnews.com/health/health-news/live-blog/coronavirus-updates-live-u-s-cases-top-1-000-spread-n1155241/ncrd1155806#liveBlogHeader,1
https://www.nytimes.com/2020/03/07/world/coronavirus-news.html,1
https://it.reuters.com/article/topNews/idITKBN20Y2TX,1
https://www.cdc.gov/coronavirus/2019-ncov/summary.html,1
https://www.bbc.com/news/technology-51497800,1
https://www.cnbc.com/2020/02/25/us-health-officials-say-coronavirus-will-likely-cause-a-global-pandemic.html,1
https://www.politico.com/news/2020/02/25/trump-officials-defend-coronavirus-request-117329,1
https://foreignpolicy.com/2020/01/31/coronavirus-china-trump-united-states-public-health-emergency-response/,1
https://www.politico.com/news/2020/03/21/doj-coronavirus-emergency-powers-140023,1
https://www.cnbc.com/2020/03/06/trump-signs-8point3-billion-emergency-coronavirus-spending-package.html,1
https://www.politico.com/news/2020/03/04/house-coronavirus-funding-121065,1
https://www.washingtontimes.com/news/2020/mar/22/trump-never-actually-banned-flights-from-china-or-/,1
https://www.cnbc.com/2020/02/25/us-health-officials-say-coronavirus-will-likely-cause-a-global-pandemic.html,1
https://www.politico.com/news/2020/02/25/trump-officials-defend-coronavirus-request-117329,1
https://foreignpolicy.com/2020/01/31/coronavirus-china-trump-united-states-public-health-emergency-response/,1
http://archive.is/vbd4d,1
http://archive.is/N1Guu,1
http://archive.is/pDMKO,1
https://www.msnbc.com/am-joy/watch/trump-s-coronavirus-response-criticized-by-joy-reid-81352261921,1
https://www.vox.com/policy-and-politics/2020/3/29/21198704/emergency-covid-19-supplies-fema-states-federal-government,1
https://apnews.com/305cc7ad65f6e080523a32e79edae97f,1
https://www.facebook.com/groups/441333919315986/permalink/2884206925028661/,1
https://www.cdc.gov/coronavirus/2019-ncov/summary.html,1
https://t.co/50TjEjOogN,1
https://web.archive.org/web/20200320154056/https://metro.co.uk/2020/03/19/army-trucks-filled-bodies-overflowing-morgues-drive-streets-italy-12423685/,1
https://web.archive.org/web/20200320154712/https://windsorstar.com/news/world/covid-19-italy-videos-show-military-fleet-transporting-coffins-of-coronavirus-victims-out-of-overwhelmed-town/wcm/0b95f556-622a-4ba1-9adf-f8db0ffb0295/?fbclid=IwAR2Zc,1
https://www.whitehouse.gov/briefings-statements/remarks-president-trump-signing-h-r-748-cares-act/,1
https://www.congress.gov/bill/116th-congress/house-bill/748/text?fbclid=IwAR02m0Wa0g0InSzH5o1LkqrmEyCR1l2ljF-j293rulP1p7NaKcdtaYXfHRg#toc-H25CA409D9D2844399CF965A38F83F6C6,1
https://www.irs.gov/newsroom/economic-impact-payments-what-you-need-to-know,1
https://www.irs.gov/newsroom/economic-impact-payments-what-you-need-to-know,1
https://www.whitehouse.gov/briefings-statements/letter-president-donald-j-trump-senator-charles-e-schumer/,1
https://thebulletin.org/biography/stephen-i-schwartz/,1
https://www.washingtonpost.com/news/to-your-health/wp/2018/05/10/top-white-house-official-in-charge-of-pandemic-response-exits-abruptly/,1
https://www.msnbc.com/am-joy/watch/trump-s-coronavirus-response-criticized-by-joy-reid-81352261921,1
https://www.vox.com/policy-and-politics/2020/3/29/21198704/emergency-covid-19-supplies-fema-states-federal-government,1
https://apnews.com/305cc7ad65f6e080523a32e79edae97f,1
https://www.facebook.com/groups/441333919315986/permalink/2884206925028661/,1
https://www.congress.gov/bill/116th-congress/house-bill/748/text,1
https://t.co/50TjEjOogN,1
https://www.washingtontimes.com/news/2020/mar/22/trump-never-actually-banned-flights-from-china-or-/,1
https://www.politico.com/news/2020/03/21/doj-coronavirus-emergency-powers-140023,1
https://www.usatoday.com/story/opinion/2020/03/20/coronavirus-bailout-for-airlines-cruises-socialism-rich-column/2880496001/,1
https://www.bbc.com/news/av/world-us-canada-51955362/us-students-party-on-spring-break-despite-coronavirus,1
https://web.archive.org/web/20200320154056/https://metro.co.uk/2020/03/19/army-trucks-filled-bodies-overflowing-morgues-drive-streets-italy-12423685/,1
https://web.archive.org/web/20200320154712/https://windsorstar.com/news/world/covid-19-italy-videos-show-military-fleet-transporting-coffins-of-coronavirus-victims-out-of-overwhelmed-town/wcm/0b95f556-622a-4ba1-9adf-f8db0ffb0295/?fbclid=IwAR2Zc,1
https://www.cnbc.com/2020/03/19/coronavirus-live-updates.html,1
https://www.sciencemag.org/news/2020/03/coronavirus-cases-have-dropped-sharply-south-korea-whats-secret-its-success,1
http://archive.is/vbd4d,1
http://archive.is/N1Guu,1
http://archive.is/pDMKO,1
https://www.cdc.gov/coronavirus/2019-ncov/community/index.html,1
https://www.nbcnews.com/health/health-news/live-blog/coronavirus-updates-live-u-s-cases-top-1-000-spread-n1155241/ncrd1155806#liveBlogHeader,1
https://www.nytimes.com/2020/03/07/world/coronavirus-news.html,1
https://it.reuters.com/article/topNews/idITKBN20Y2TX,1
https://www.nytimes.com/2017/09/16/world/africa/rare-white-giraffe-kenya.html,1
https://www.ncbi.nlm.nih.gov/pubmed/27529988,1
https://www.reddit.com/r/OldSchoolCool/comments/fgnfra/a_revolutionary_war_veteran_born_1749/,1
https://www.smithsonianmag.com/smart-news/conrad-heyer-a-revolutionary-war-veteran-was-the-earliest-born-american-to-ever-be-photographed-180947660/,1
https://www.mainememory.net/artifact/13423,1
https://www.cnbc.com/2020/03/06/trump-signs-8point3-billion-emergency-coronavirus-spending-package.html,1
https://www.politico.com/news/2020/03/04/house-coronavirus-funding-121065,1
https://www.courts.ca.gov/prop47.htm,1
https://www.cdc.gov/coronavirus/2019-ncov/about/prevention-treatment.html,1
https://www.cdc.gov/coronavirus/2019-ncov/summary.html,1
https://www.cnbc.com/2020/02/25/us-health-officials-say-coronavirus-will-likely-cause-a-global-pandemic.html,1
https://www.politico.com/news/2020/02/25/trump-officials-defend-coronavirus-request-117329,1
https://foreignpolicy.com/2020/01/31/coronavirus-china-trump-united-states-public-health-emergency-response/,1
https://www.nbcnews.com/politics/trump-impeachment-inquiry/trump-impeached-house-abuse-power-n1104196,1
https://web.archive.org/web/20200224151316/https://www.foxnews.com/entertainment/clint-eastwood-support-mike-bloomberg-trump,1
https://www.whitehouse.gov/briefings-statements/message-congress-2021-alternative-plan-pay-adjustments/,1
https://thehill.com/homenews/senate/483677-dem-senators-ask-doj-watchdog-to-expand-giuliani-probe,1
http://archive.is/Y6kKL,1
https://www.cdc.gov/coronavirus/2019-ncov/summary.html,1
https://www.bbc.com/news/technology-51497800,1
https://theintercept.com/2020/02/06/border-wall-construction-organ-pipe/,1
https://www.cbsnews.com/news/organ-pipe-cactus-national-monument-blasts-arizona-national-monument-being-blown-up-for-border-wall-2020-02-07/,1
https://www.bbc.com/news/world-us-canada-51449739,1
https://theintercept.com/2020/02/06/border-wall-construction-organ-pipe/,1
https://www.nytimes.com/2020/02/09/us/politics/iowa-democratic-caucuses.html,1
https://www.nbcnews.com/tech/security/clog-lines-iowa-caucus-hotline-posted-online-encouragement-disrupt-results-n1131521,1
https://www.cnn.com/2020/02/04/politics/rush-limbaugh-donald-trump-medal-of-freedom/index.html,1
https://www.reddit.com/r/lakers/comments/exjct5/abc_just_showed_a_picture_of_a_soldier_fighting/,1
http://archive.is/5kc4d,1
https://www.nbcnews.com/video/pam-bondi-focuses-on-burisma-biden-allegations-in-impeachment-trial-77650501573,1
http://archive.is/5cHmF,1
https://www.tellyawards.com/winners/2014/filmvideo/non-broadcast-productions-corporate-image/moonlight-sonata-ft-kobe-bryant/115840,1
https://web.archive.org/save/https://www.reddit.com/r/NatureIsFuckingLit/comments/euvpft/lava_ocean_and_6_tornadoes/,1
https://www.reddit.com/r/NatureIsFuckingLit/comments/euvpft/lava_ocean_and_6_tornadoes/?ref_source=embed&ref=share,1
https://www.reddit.com/r/NatureIsFuckingLit/,1
https://www.whitehouse.gov/briefings-statements/remarks-president-trump-announcement-guidance-constitutional-prayer-public-schools/,1
http://archive.is/7mNqH,1
http://archive.is/5Oker,1
http://archive.is/Bk2Tn,1
http://archive.is/xO9kW,1
https://www.nbcnews.com/news/us-news/gun-rights-rally-looms-virginia-richmond-residents-fear-another-charlottesville-n1118486,1
https://www.governor.virginia.gov/media/governorvirginiagov/executive-actions/EO-49-Declaration-of-a-State-Of-Emergency-Due-to-Potential-Civil-Unrest-at-the-Virginia-State-Capitol.pdf,1
http://archive.is/h5oIC,1
http://archive.is/B76my,1
https://www.reuters.com/article/us-iraq-security-blast-soleimani-analysi/u-s-killing-of-irans-second-most-powerful-man-risks-regional-conflagration-idUSKBN1Z21TJ,1
https://www.usatoday.com/story/entertainment/celebrities/2019/11/18/gwyneth-paltrow-goop-gift-guide-2019/4227936002/,1
https://www.washingtonpost.com/health/2018/09/05/gwyneth-paltrows-goop-touted-benefits-putting-jade-egg-your-vagina-now-it-must-pay/,1
https://www.cnbc.com/2019/03/18/how-many-americans-have-access-to-a-401k-and-how-to-save-for-retirement-without-one.html,1
https://www.cnbc.com/2019/12/12/system-is-flawed-when-most-americans-have-tiny-retirement-savings.html,1
https://www.reddit.com/r/WTF/comments/c38uzl/tarantulas_can_swim/?ref_source=embed&ref=share,1
https://www.reddit.com/r/WTF/,1
http://archive.is/9VaeV,1
https://www.bbc.com/news/world-australia-50951043,1
http://archive.is/nOwfM,1
https://www.calvinandhobbes.com/,1
https://web.archive.org/web/20141002083513/http://www.theatlantic.com/video/archive/2013/10/how-i-calvin-and-hobbes-i-inspired-a-generation/280867/,1
https://www.npr.org/2020/01/05/793746580/iraqi-parliament-votes-to-expel-u-s-troops-from-country-in-wake-of-soleimani-str,1
https://www.scrapbookpages.com/AuschwitzScrapbook/Tour/Auschwitz1/Auschwitz11.html,1
https://apnews.com/3624ff62d3b168ba2433ca2581ad8306,1
https://www.nbcnews.com/politics/congress/pelosi-says-trump-carried-out-strike-iranian-commander-without-authorization-n1109831,1
http://archive.is/5fbRH,1
https://www.cnn.com/2020/01/02/middleeast/baghdad-airport-rockets/index.html,1
https://www.espn.com/nfl/story/_/id/28397752/source-cowboys-jerry-jones-meet-jason-garrett-again-tuesday,1
https://t.co/dlzjALfWX1,1
http://archive.is/kdGN1,1
http://archive.is/00zJy,1
http://archive.is/083xb,1
http://archive.is/BEcVs,1
http://archive.is/pAlRK,1
http://archive.is/Fcvy3,1
https://t.co/IfkdcwGENr,1
https://www.usatoday.com/story/opinion/2019/10/28/abuse-of-power-enough-to-impeach-no-crimes-necessary-column/2479066001/,1
https://baynature.org/2019/12/10/naturally-2019-closes-with-thousands-of-10-inch-pulsing-penis-fish-stranded-on-a-california-beach/,1
https://www.reddit.com/r/OldSchoolCool/comments/ebea11/when_mr_t_visited_the_then_first_lady_nancy/,1
http://archive.is/KcPGT,1
http://archive.is/hAISC,1
http://archive.is/PgCja,1
http://archive.is/02Cu9,1
http://archive.is/KcPGT,1
https://www.whitehouse.gov/wp-content/uploads/2019/06/July-1-2019-Report-FINAL.pdf,1
https://www.politico.com/story/2017/03/andrew-giuliani-hired-trump-white-house-235718,1
https://mediabiasfactcheck.com/occupy-democrats/,1
https://www.facebook.com/groups/ScienceMemes/permalink/368841000595298/,1
https://www.dailymail.co.uk/news/article-2037582/The-copper-Statue-Liberty-appeared-New-York-1880s.html,1
https://www.usda.gov/media/press-releases/2019/12/04/usda-restores-original-intent-snap-second-chance-not-way-life,1
https://www.usda.gov/media/press-releases/2019/12/04/usda-restores-original-intent-snap-second-chance-not-way-life,1
https://www.fbi.gov/contact-us/field-offices/portland/news/press-releases/tech-tuesdaysmart-tvs/?=portland-field-office,1
https://www.upliftingtoday.com/2018/04/loggers-couldnt-believe-what-they-found-inside-this-hollow-tree/,1
http://archive.is/aqcBQ,1
http://archive.is/aGrnz,1
http://archive.is/gBEzT,1
http://archive.is/Cm30P,1
http://archive.is/1XYhb,1
https://www.nbcnews.com/politics/politics-news/trump-makes-surprise-thanksgiving-visit-troops-afghanistan-n1093131,1
https://t.co/luhRGngSXV,1
https://www.cnn.com/2019/11/24/politics/michael-bloomberg-2020-election/index.html,1
https://bfa.com/home/photo/852481?term=%20Ghislaine%20Maxwell,1
http://archive.is/aTjgb,1
http://archive.is/M2zNR,1
http://archive.is/x8AzN,1
http://web.archive.org/web/20191127150828/https://www.prnewswire.com/news-releases/nicole-crafts-to-divest-out-of-retail-operations-300964565.html,1
http://archive.is/LfRTx,1
https://www.cbsnews.com/news/tom-hanks-mr-rogers-related-actor-discovers-genealogy-days-before-a-beautiful-day-in-the-neighborhood-movie-released/,1
https://www.kpax.com/news/national/police-avoid-scams-dont-take-facebook-quizzes,1
https://abcnews.go.com/US/answering-social-media-questionnaires-id-thieves-police/story?id=51898720,1
https://www.sec.gov/Archives/edgar/data/1018724/000101872419000004/amzn-20181231x10k.htm#s3E4C8013ABC95E46A37AC9AF28873055,1
https://www.whistleblower.org/press/press-statement-government-accountability-project-condemns-trump-familys-irresponsible-comments-on-alleged-whistleblower-identity/,1
https://www.reuters.com/article/us-usa-trump-impeachment-whistleblower-e/explainer-is-it-illegal-for-trump-or-congress-to-name-the-impeachment-whistleblower-idUSKBN1XH2QS,1
https://t.co/B8b9oE1nbl,1
https://archive.is/oNSfO,1
https://archive.is/4EurL,1
https://jezebel.com/can-we-interest-you-in-a-centrifugal-birthing-machine-5807387,1
http://archive.is/WNldw,1
https://www.ajc.com/blog/politics/live-updates-trump-arrive-atlanta-raise-cash-court-black-voters/uUbwgduDDSug6lIuL2KVMO/#,1
https://www.cbsnews.com/news/donald-trump-speaks-black-voices-for-trump-coalition-rollout-georgia-2019-11-08-watch-live-stream-updates-today/,1
https://www.cbsnews.com/news/joe-biden-niece-pleads-guilty-credit-account-theft/,1
http://archive.is/CrEsY,1
https://www.reddit.com/r/nextfuckinglevel/comments/d2w5kx/17_yearold_juliane_koepcke_was_sucked_out_of_an/,1
https://www.bostondynamics.com/,1
https://www.reddit.com/r/nextfuckinglevel/comments/dqjs4f/golf_robot_scores_a_holeinone/,1
http://www.reddit.com/r/nextfuckinglevel,1
https://www.tcenergy.com/Edinburg-Incident,1
https://mediabiasfactcheck.com/the-mind-unleashed/,1
http://web.archive.org/web/20191101180155/https://themindunleashed.com/2019/10/keystone-pipeline-shut-down.html,1
https://www.cdc.gov/nchs/data/databriefs/db328_tables-508.pdf#3,1
https://web.archive.org/web/20180307073508/https://www.fda.gov/downloads/BiologicsBloodVaccines/Vaccines/ApprovedProducts/UCM305079.pdf,1
https://www.usatoday.com/story/news/politics/2019/10/31/trump-impeachment-inquiry-house-vote-approves-rules-resolution/4107831002/,1
https://www.theguardian.com/us-news/2019/oct/31/trump-impeachment-inquiry-timeline-key-events,1
https://www.history.com/topics/21st-century/obama-announces-death-of-osama-bin-laden-video,1
https://www.out.com/music/2019/3/19/dolly-parton-wrote-jolene-and-i-will-always-love-you-one-day,1
https://www.senate.gov/artandhistory/history/minute/Presidential_Succession_Act.htm,1
https://www.washingtonpost.com/world/national-security/i-cant-even-look-at-the-atrocities-us-troops-say-trumps-syria-withdrawal-betrayed-an-ally/2019/10/15/4e79b600-eeca-11e9-b648-76bcf86eb67e_story.html,1
https://t.co/FJKsRYU1g0,1
http://archive.is/3uDdD,1
http://archive.is/ymlJP,1
https://www.facebook.com/OccupyDemocrats/photos/a.347907068635687/3070887646337602/?type=3&theater,1
https://www.politico.com/news/2019/09/29/lindsey-graham-whistleblower-ukraine-trump-010518,1
https://foreign.senate.gov/imo/media/doc/5-4-18%20Menendez%20joint%20letter%20to%20General%20Prosecutor%20of%20Ukraine%20on%20Mueller%20investigation.pdf,1
https://www.bbc.com/news/magazine-30814555,1
https://mediabiasfactcheck.com/fox-news/,1
https://mediabiasfactcheck.com/the-daily-wire/,1
https://www.bbc.com/news/technology-49809449,1
https://www.coindesk.com/kik-messaging-app-to-shut-down-following-sec-lawsuit-against-ico,1
https://t.co/VHq1Cl4Xkl,1
https://www.facebook.com/698276630188936/photos/a.816018371748094/3075094209173821/?type=3&theater&ifg=1,1
https://www.nbcnews.com/politics/donald-trump/trump-says-homelessness-hurting-real-estate-prestige-will-destroy-cities-n1055611,1
http://archive.is/FIlqC,1
https://earthobservatory.nasa.gov/features/Milankovitch/milankovitch.php,1
https://t.co/XMQmepPyj6,1
https://t.co/9O43ZzMuqc,1
http://www.leedeforest.org/,1
https://www.washingtonpost.com/politics/trump-sings-the-praises-of-his-resort-in-florida-as-g-7-host-for-2020/2019/08/26/17409c1e-c7ea-11e9-8067-196d9f17af68_story.html,1
https://t.co/KlzzMC40Vt,1
http://archive.is/ltmeT,1
https://www.sciencedirect.com/science/article/abs/pii/S0006320718308012,1
https://t.co/WU8Y9DDLf5,1
https://www.buzzfeednews.com/article/davidmack/rick-perry-instagram-hoax-meme,1
http://archive.ph/TLdfy,0
https://archive.is/JznLH#selection-15203.0-15208.0,0
https://news.yahoo.com/health-experts-issued-ominous-warning-170400102.html?guccounter=1,0
https://www.dailymail.co.uk/health/article-7925475/US-health-experts-hosted-fictional-coronavirus-simulation-THREE-months-ago.html,0
https://archive.is/sKtDE,0
http://archive.vn/piH1g,0
http://archive.vn/IioqF,0
http://archive.vn/IioqF,0
https://lpi.oregonstate.edu/mic/vitamins/vitamin-C#role-in-immunity,0
http://archive.ph/4bUue,0
http://archive.ph/yhuDg#selection-3023.28-3023.132,0
https://archive.is/sKtDE,0
https://www.rollcall.com/2020/03/03/coronavirus-deal-expected-as-early-as-tuesday-dems-say/,0
http://archive.ph/8Hf6E,0
http://archive.vn/e69ln,0
https://t.co/8IQlNh9aPn,0
http://archive.vn/e69ln,0
http://archive.ph/TLdfy,0
https://archive.is/O3tSO,0
http://archive.ph/4bUue,0
http://archive.ph/yhuDg#selection-3023.28-3023.132,0
https://t.co/KqTZwA1IO2,0
http://archive.is/JnMCG,0
https://web.archive.org/web/20200303150025/https://mcmnt.com/vatican-confirms-pope-francis-and-two-aides-test-positive-for-coronavirus/,0
http://archive.vn/e69ln,0
https://www.facebook.com/moh.sil.182/videos/211917323419454/,0
https://www.facebook.com/standley.ganing/videos/2605435546359713/,0
http://archive.vn/Gxz6i,0
http://archive.vn/rERkE,0
http://archive.vn/e69ln,0
http://archive.vn/5DcJ8,0
https://www.cnn.com/2020/03/11/entertainment/tom-hanks-rita-wilson-coronavirus/index.html,0
https://www.betootaadvocate.com/uncategorized/gold-coast-hospital-staff-roll-in-a-wilson-volleyball-to-keep-tom-hanks-company-in-quarantine/,0
https://t.co/KqTZwA1IO2,0
https://www.facebook.com/moh.sil.182/videos/211917323419454/,0
https://www.facebook.com/standley.ganing/videos/2605435546359713/,0
https://t.co/KqTZwA1IO2,0
https://t.co/8IQlNh9aPn,0
http://archive.vn/Gxz6i,0
https://lpi.oregonstate.edu/mic/vitamins/vitamin-C#role-in-immunity,0
https://www.who.int/emergencies/diseases/novel-coronavirus-2019/technical-guidance/naming-the-coronavirus-disease-(covid-2019)-and-the-virus-that-causes-it,0
http://archive.vn/2uTZK,0
https://www.facebook.com/NowIsTheTime2019/posts/550929819046556,0
https://www.npr.org/sections/coronavirus-live-updates/2020/03/23/820043866/mass-religious-gathering-in-pakistan-leads-to-fresh-concerns-over-covid-19-sprea,0
http://archive.vn/rERkE,0
https://www.cnn.com/2020/03/11/entertainment/tom-hanks-rita-wilson-coronavirus/index.html,0
https://www.betootaadvocate.com/uncategorized/gold-coast-hospital-staff-roll-in-a-wilson-volleyball-to-keep-tom-hanks-company-in-quarantine/,0
http://archive.vn/e69ln,0
https://www.rollcall.com/2020/03/03/coronavirus-deal-expected-as-early-as-tuesday-dems-say/,0
http://archive.vn/IioqF,0
http://archive.vn/IioqF,0
http://archive.vn/piH1g,0
http://archive.vn/5DcJ8,0
https://wayneradiotv.tumblr.com/post/612052438022799360,0
https://pissvortex.tumblr.com/post/612052325952012288,0
https://archive.is/EtYgL,0
https://archive.is/hmPcV,0
https://archive.is/Q6oO2,0
https://archive.is/hmPcV,0
https://www.express.co.uk/news/science/1249990/Asteroid-warning-NASA-tracks-4KM-killer-asteroid-hit-Earth-end-civilisation-asteroid-news,0
http://archive.is/JnMCG,0
https://web.archive.org/web/20200303150025/https://mcmnt.com/vatican-confirms-pope-francis-and-two-aides-test-positive-for-coronavirus/,0
https://archive.is/O3tSO,0
http://archive.ph/8Hf6E,0
https://www.thewrap.com/quaden-bayles-family-turns-down-disneyland-trip-will-donate-470000-to-charity/,0
https://www.reddit.com/r/interestingasfuck/comments/far21j/storm_over_paris_france/,0
https://www.reddit.com/r/Stormlight_Archive/comments/evqto7/the_stormwall_in_real_life_in_paris_this_is/,0
https://archive.is/wGm5i,0
https://www.hollywoodreporter.com/live-feed/blue-bloods-renewed-10th-season-cbs-1201638,0
https://www.nytimes.com/2020/02/05/us/politics/impeachment-vote.html,0
https://www.kuer.org/post/romney-makes-history-crossing-party-lines-impeachment-vote#stream/0,0
http://archive.ph/yhuDg#selection-3023.28-3023.132,0
https://www.cnn.com/2020/02/21/australia/quaden-bayles-bullied-dwarfism-disney-intl-hnk-scli/index.html,0
https://www.gofundme.com/f/lets-send-a-wonderful-kid-to-disneyland,0
http://archive.ph/TLdfy,0
https://archive.is/sKtDE,0
https://www.reddit.com/r/TIHI/comments/f498n5/thanks_i_hate_preowned_condoms/?utm_source=share&utm_medium=web2x,0
https://www.ibtimes.com/largest-planet-killer-asteroid-approach-earth-month-arriving-saturday-2921210,0
https://t.co/M0HCeemyGt,0
https://t.co/n1a1Z93LrJ,0
http://archive.ph/4bUue,0
http://archive.is/cZ9Q1,0
http://archive.is/tPdPK,0
https://www.mobilize.us/joebiden/event/209340/,0
https://www.cnn.com/2019/11/08/politics/legal-question-out-whistleblower/index.html,0
https://www.facebook.com/RepAdamSchiff/photos/a.10151575808201831/10156463187666831/?type=3&theater,0
https://www.arthurbryantsbbq.com/,0
https://archive.is/KKPkd,0
https://abcnews.go.com/Politics/trump-impeachment-trial-live-updates-presidents-defense-team/story?id=68560105,0
https://www.cbsnews.com/live-updates/impeachment-trial-trump-day-6-defense-2020-01-27-live-updating/,0
https://archive.is/JznLH#selection-15203.0-15208.0,0
https://news.yahoo.com/health-experts-issued-ominous-warning-170400102.html?guccounter=1,0
https://www.dailymail.co.uk/health/article-7925475/US-health-experts-hosted-fictional-coronavirus-simulation-THREE-months-ago.html,0
https://www.washingtonpost.com/local/virginia-politics/unconstitutional-and-worthless-emails-show-officials-doubting-gun-sanctuaries/2020/01/26/139e5436-3e03-11ea-baca-eb7ace0a3455_story.html,0
https://www.nytimes.com/2020/01/20/us/virginia-gun-rally.html,0
https://mediabiasfactcheck.com/big-league-politics/,0
https://archive.is/B5Qmm,0
https://web.archive.org/web/20200117111844/https://www.goodhousekeeping.com/life/entertainment/a30461168/today-show-al-roker-new-book-reaction/,0
https://www.cbsnews.com/news/new-zealand-volcano-eruption-white-island-live-updates-today-2019-12-09/,0
https://www.abc.net.au/news/2020-01-23/new-zealands-white-island-volcano-death-toll-rises-to-20/11893878,0
https://worldholocaustforum.org/world-holocaust-forum-2020/,0
https://www.rollingstone.com/culture/culture-news/stephen-king-bangor-museum-retreat-896011/,0
https://bangordailynews.com/2019/09/12/arts-culture/stephen-king-has-been-sharing-his-negative-opinion-of-susan-collins-on-the-talk-show-circuit/,0
https://thehill.com/homenews/senate/477383-progressive-groups-target-eight-gop-senators-in-ad-campaign-ahead-of,0
https://www.nytimes.com/interactive/2020/01/13/opinion/election-nytimes-the-choice.html,0
https://www.nytimes.com/interactive/2020/01/17/opinion/joe-biden-nytimes-interview.html,0
https://www.instagram.com/p/B7EaGS_Jpb9/,0
https://www.cnn.com/2020/01/21/world/prince-harry-vancouver-island-intl-gbr/index.html,0
https://www.nytimes.com/2020/01/20/us/virginia-gun-rally.html,0
http://archive.ph/DU3Vh,0
http://archive.ph/qXUUY,0
https://www.christianitytoday.com/news/2018/october/saudi-arabia-religious-freedom-islam-johnnie-moore-uscirf.html,0
https://www.facebook.com/CambioDigital/videos/2548841225330935/,0
http://archive.is/paXmf,0
http://archive.is/TiKee,0
https://www.npr.org/2019/01/31/690363402/how-the-cia-overthrew-irans-democracy-in-four-days,0
http://archive.is/KgcnB,0
https://books.google.com/books?id=j-U_AAAAYAAJ&pg=PA483&lpg=PA483&dq=John+Russell+Bartlett??s+Dictionary+of+Americanisms+%22popcorn%22&source=bl&ots=MyppzsOFv3&sig=ACfU3U31hYP9ca6Pl6C5GIxCAGnV1UjgMg&hl=en&sa=X&ved=2ahUKEwizkuyeq_nmAhWJK80KHb5OD3kQ6AEwEXoECA0QAQ#v=onepage&q=John%20Russell%20Bartlett%3F%3Fs%20Dictionary%20of%20Americanisms%20%22popcorn%22&f=false,0
https://www.pbs.org/food/the-history-kitchen/popcorn-history/,0
https://www.nytimes.com/1987/06/22/business/microwave-key-to-popcorn-war.html,0
https://www.vox.com/future-perfect/2020/1/6/21051897/australia-fires-billion-animals-dead-estimate,0
https://www.usatoday.com/story/news/world/2020/01/06/australia-fires-how-climate-change-worsening-fires/2824201001/,0
https://www.washingtonpost.com/weather/2019/12/27/australia-braces-yet-another-extreme-heat-wave-that-will-escalate-bush-fire-risks/,0
https://www.npr.org/2020/01/06/793931658/australia-wildfires-have-claimed-25-lives-and-will-burn-for-months-officials-say,0
http://archive.ph/gcrg2,0
https://t.co/TvRkHvlgby,0
https://t.co/gDoXQu9vO5,0
https://www.cnn.com/2013/07/09/us/pat-robertson-facebook-remark/index.html,0
https://channel45news.com/2019/10/minecraft-will-shut-down-their-servers-in-late-2020/,0
https://www.reddit.com/r/blackmagicfuckery/comments/egh68n/iphone_vs_steelwool_magic/,0
https://www.livescience.com/60764-watch-steel-wool-burn.html,0
https://radaronline.com/exclusives/2020/01/ozzy-osbourne-ailing-back-injury-deathbed/,0
https://www.tsln.com/about-us/,0
http://archive.ph/4akeJ,0
https://www.hsph.harvard.edu/nutritionsource/soy/,0
http://archive.is/qey1k,0
https://archive.is/LQ7E5,0
https://www.adl.org/news/article/hal-turner-gets-33-month-prison-sentence-for-making-death-threats,0
https://archive.li/0SRto,0
https://imgur.com/gallery/72jrph8,0
http://www.bangitout.com/top-ten-mindblowing-menorahs/,0
https://www.istockphoto.com/mx/foto/cebra-en-grassland-gm172316805-4472396,0
https://www.cnn.com/2019/12/22/us/hanukkah-questions-answered-trnd/index.html,0
http://archive.is/2kadP,0
https://www.c-span.org/video/?c4835198/noah-feldman-president-trump-committed-impeachable-high-crimes-misdemeanors,0
https://en.wikipedia.org/wiki/Noah_Feldman,0
http://archive.ph/H1hXN,0
http://archive.ph/kTLCh,0
https://www.alamy.com/image-details-popup.asp?imageid=%7BA73B2F26-5F7C-45E7-AB44-703D69A0FE9E%7D&mid=41152&siteID=MRu_ISar6sQ-2fQU.PMS_eeN35sF1_GxBw&utm_source=LS&utm_medium=affiliate&utm_content=US,0
https://www.facebook.com/groups/WeMustDrainTheSwamp/permalink/1323461951177938/,0
https://www.npr.org/templates/story/story.php?storyId=131062630,0
https://en.wikipedia.org/wiki/Manufactured_controversy,0
https://www.splcenter.org/fighting-hate/extremist-files/individual/pamela-geller,0
https://getyarn.io/yarn-clip/5ff54f59-81c1-4827-8a18-cf9af0e410d7,0
https://www.gaia.com/article/unsolved-the-mysterious-disappearance-of-santiago-flight-513,0
https://web.archive.org/web/20191212210953/https://www.thesun.co.uk/news/10522729/man-farts-kill-mosquitos/,0
https://rationalwiki.org/wiki/Dylan_Wheeler,0
https://mediabiasfactcheck.com/lifezette/,0
https://archive.is/s0zgA,0
https://archive.is/s0zgA,0
http://archive.ph/lKors,0
http://archive.is/5frIv,0
http://archive.is/elBqF,0
http://archive.is/EB6Ea,0
http://archive.is/ps6oR,0
https://polarisproject.org/human-trafficking/facts,0
https://mediabiasfactcheck.com/infowars-alex-jones/,0
https://archive.is/1PB6P#selection-917.0-920.0,0
https://mediabiasfactcheck.com/natural-news/,0
https://t.co/oUaIz0aHLo,0
http://archive.is/M7hGS,0
https://me.me/i/people-message-me-why-i-stick-my-neck-out-for-66033fe853e540208b02d9030a3e7693,0
http://archive.ph/0LywR,0
https://t.co/ajIfQ2WAzn,0
https://www.facebook.com/photo.php?fbid=2450532128377971&set=a.112056968892177&type=1&theater,0
https://www.facebook.com/photo.php?fbid=2547593265295283&set=a.322295931158372&type=3&theater,0
http://archive.is/KDTob,0
http://archive.is/8pkrd,0
https://www.facebook.com/CampusMUSICofficial/videos/983038575398637/?v=983038575398637,0
https://t.co/HylwzCBLjE,0
https://www.express.co.uk/news/science/1194312/asteroid-news-NASA-latest-christmas-2019-devastation-mass-extinction-space,0
https://www.hollywoodreporter.com/live-feed/why-big-bang-theory-stars-took-surprising-pay-cuts-989375,0
https://www.gobankingrates.com/making-money/wealth/how-much-actors-get-paid-for-reruns/,0
http://archive.ph/7ywjF,0
http://archive.ph/ncrt4,0
https://www.facebook.com/PicturesInHistory/photos/a.542142282630324/893633244147891/?type=3&theater,0
https://www.npr.org/2019/10/31/774513460/as-impeachment-inquiry-moves-into-open-phase-heres-what-to-expect-next,0
https://web.archive.org/web/20191030155639/https://www1.cbn.com/cbnnews/2019/october/texas-school-district-mandates-teaching-kids-how-to-have-anal-sex,0
https://www.thewrap.com/exclusive-host-todd-starnes-out-at-fox-news/,0
http://archive.ph/4JrsR,0
http://archive.ph/Byk4G,0
http://archive.ph/pMkSH,0
http://archive.ph/qOZTo,0
http://archive.ph/aZpw1,0
https://projects.propublica.org/politwoops/index?utf8=%E2%9C%93&q=fake+boos,0
https://mediabiasfactcheck.com/the-gateway-pundit/,0
https://web.archive.org/web/20191029163246/https://www.thegatewaypundit.com/2019/10/perfect-two-radicals-bernie-sanders-and-rashida-tlaib-stand-in-front-of-empty-grocery-store-shelves-and-push-socialism/,0
https://www.cnn.com/2019/10/27/politics/isis-abu-bakr-al-baghdadi-operation-donald-trump/index.html,0
https://www.facebook.com/groups/292324927847400/permalink/746067485806473/,0
https://www.facebook.com/groups/DonaldTrumpClownUniversity/permalink/1005507379827704/,0
https://www.facebook.com/groups/714390255613728/permalink/929353137450771/?__tn__=H-R,0
https://steemit.com/life/@pranavsinha/bill-and-melinda-gates-foundation-kicked-out-of-india,0
https://web.archive.org/web/20191022193445/https://shareably.net/mix-cream-tartar-orange-juice-flush-nicotine-body-quit-smoking-faster/,0
http://archive.fo/Kdyxn,0
https://web.archive.org/web/20170311152354/http://www.providr.com/mix-this-with-orange-juice-to-flush-nicotine-out-of-body/4/,0
https://web.archive.org/web/20191024013115/https://www.natural-health-and-healing-4u.com/benefits-of-potassium.html,0
http://archive.fo/J56Hk,0
https://www.health.harvard.edu/staying-healthy/the-dubious-practice-of-detox,0
https://web.archive.org/web/20191022193445/https://shareably.net/mix-cream-tartar-orange-juice-flush-nicotine-body-quit-smoking-faster/,0
https://videos.docsplace.org/james-clapper-outs-barack-obama-mastermind-behind-russia-hoax_501613c78.html,0
https://www.law.cornell.edu/constitution/amendmentxxv,0
https://t.co/ecrIaRFvOI,0
http://archive.fo/JBRqf,0
http://archive.fo/GQpHd,0
https://archive.nytimes.com/www.nytimes.com/gwire/2010/10/27/27greenwire-x-prize-winner-has-checkered-financial-past-65136.html?pagewanted=1,0
https://archive.fo/oEO6q,0
https://www.prweb.com/releases/2017/02/prweb14033268.htm,0
https://www.nytimes.com/2016/06/29/us/politics/hillary-clinton-benghazi.html,0
https://www.washingtonpost.com/powerpost/gop-players-in-benghazi-probe-drop-strong-defense-of-congressional-oversight/2019/10/09/9dc2a99e-eaa4-11e9-9c6d-436a0df4f31d_story.html,0
https://www.nytimes.com/2019/10/09/us/politics/trey-gowdy-trump-legal-team.html,0
https://t.co/QbZyOXkiNn,0
https://www.merriam-webster.com/words-at-play/whataboutism-origin-meaning,0
https://www.c-span.org/video/?c4818165/joe-biden-confesses-bribery,0
https://www.businessinsider.com/dad-jokes-obama-2018-8#sasha-and-malia-arent-here-tonight-because-theyre-grounded-you-cant-just-take-air-force-one-on-a-joy-ride-to-manhattan-i-dont-care-whose-kids-you-are-3,0
https://t.co/Oo5Q56ALAu,0
https://www.buzzfeednews.com/article/stephaniemlee/inside-the-internets-war-on-science,0
http://archive.fo/2ooBC,0
http://archive.fo/KaYnc,0
https://law.stanford.edu/directory/michael-w-mcconnell/,0
https://constitutioncenter.org/interactive-constitution/article/article-ii,0
https://www.npr.org/2019/09/26/764071379/read-house-intel-releases-whistleblower-complaint-on-trump-ukraine-call,0
https://www.seenox.org/30-amazingly-weird-funny-optical-illusions/,0
http://archive.fo/BTMsV,0
http://archive.fo/D7LoR,0
https://www.washingtonpost.com/opinions/2019/09/24/democrats-investigation-might-do-more-hurt-biden-than-trump/,0
https://www.buzzfeednews.com/article/jackstuef/the-man-behind-comfortablysmug-hurricane-sandys,0
https://archive.is/1i0Rk,0
http://web.archive.org/web/20190619052530/https://newspunch.com/morgan-freeman-jimi-hendrix/,0
https://www.cnn.com/2019/08/20/cars/mercedes-trackers-intl-scli/index.html,0
https://www.teenvogue.com/story/attacks-greta-thunberg-climate-deniers,0
https://www.nytimes.com/2019/09/24/climate/greta-thunberg-un.html,0
http://archive.is/XEPX9,0
https://www.instagram.com/p/ByD1iNbAkA3/,0
https://www.drphil.com/,0
https://www.washingtonpost.com/news/morning-mix/wp/2016/07/14/dr-phil-and-wife-robin-sue-the-national-enquirer-for-250000-million-citing-defamation/,0
https://www.soapoperanetwork.com/2018/12/the-view-is-tvs-4th-most-watched-daytime-talk-news-program,0
https://www.psychologytoday.com/us/blog/love-inc/201102/dr-phils-very-bad-advice,0
https://www.curbed.com/2019/6/11/18661364/home-tuition-middle-class-housing-crisis,0
https://t.co/zAXsGTkeeR,0
https://www.instagram.com/p/B2OssoggdBR/,0
https://t.co/gl5SqPxKsj,0
https://www.facebook.com/RvasTheCuttingEdge/photos/a.558452310840785/2596743583678304/?type=3,0
https://archive.is/6wuah,0
https://www.courthousenews.com/wp-content/uploads/2019/09/CalifDaleiden-Investigation.pdf,0
https://www.nytimes.com/2015/08/28/us/abortion-planned-parenthood-videos.html,0
https://t.co/CmHhEsH6v1,0
https://www.cbc.ca/radio/thecurrent/the-current-for-july-5-2017-1.4189847/encore-trevor-noah-on-growing-up-mixed-race-in-south-africa-a-product-of-my-parents-crime-1.4190666,0
https://medium.com/dfrlab/fake-trevor-noah-quote-spreads-internationally-as-anti-migrant-violence-spikes-in-south-africa-d0adfa0845a6,0
https://www.facebook.com/photo.php?fbid=2362909320444236&set=a.1054405214627993&type=3&theater,0
https://www.pbs.org/newshour/nation/why-the-weapons-used-in-this-weekends-shootings-are-controversial,0
https://www.npr.org/2018/02/28/588861820/a-brief-history-of-the-ar-15,0
https://www.npr.org/2018/02/28/588861820/a-brief-history-of-the-ar-15,0
http://web.archive.org/save/https://www.armalite.com/nra-family-ar-15-rifles-home-defense-yes/,0
https://www.armalite.com/history/,0
http://archive.is/gFCHa,0
http://archive.fo/j1bLp,0
https://www.nytimes.com/2019/09/03/world/americas/bahamas-hurricane-dorian.html,0
https://www.washingtonpost.com/politics/how-the-clintons-haiti-development-plans-succeed--and-disappoint/2015/03/20/0ebae25e-cbe9-11e4-a2a7-9517a3a70506_story.html,0
https://t.co/dybG8jy8lY,0
http://archive.is/NUiRS,0
http://archive.fo/07A2A,0
https://www.reddit.com/r/PoliticalHumor/comments/cwen7h/donald_trump_wants_this_picture_removed_from_the/,0
https://imgur.com/t/trump/XTccl3T?fbclid=IwAR0AamM3ciED4ZGsF4mPWmzdfkuhVUD9OK3uOq6CfmkBNteJWmpa4XxkQZk,0
https://www.psychologytoday.com/us/blog/the-red-light-district/201912/understanding-the-streisand-effect,0
https://www.facebook.com/spiritofunbounded/photos/a.2339981232908107/2364159347156962/?type=3&theater,0
https://www.latimes.com/business/la-fi-jeffrey-epstein-private-island-20190712-story.html,0
https://www.c-span.org/video/?463586-1/joe-biden-campaigns-keene-hampshire&start=2221,0
http://archive.is/Js1B8,0
http://archive.is/L86Gw,0
https://www.facebook.com/RealEarthquake/videos/494161971148761/,0
